{
	"wind_resource_model_choice" : 0,
	"wind_resource_filename" : "wind-data-file.csv",
	"wind_resource_distribution" : [ [ 3.1185,  45,  0.0344 ], [ 9.1355000000000004, 45,  0.0172 ], [ 15.1525, 45,  0.000457 ], [ 21.169499999999999, 45,  0 ], [ 3.1185, 135,  0.046800000000000001 ], [ 9.1355000000000004, 135,  0.0591 ], [ 15.1525, 135,  0.0032000000000000002 ], [ 21.169499999999999, 135,  0.00011400000000000001 ], [ 3.1185, 225,  0.063799999999999996 ], [ 9.1355000000000004, 225,  0.28199999999999997 ], [ 15.1525, 225,  0.26300000000000001 ], [ 21.169499999999999, 225,  0.0487 ], [ 3.1185, 315,  0.062399999999999997 ], [ 9.1355000000000004, 315,  0.0974 ], [ 15.1525, 315,  0.020500000000000001 ], [ 21.169499999999999, 315,  0.0010300000000000001 ] ],
	"weibull_reference_height" : 50,
	"weibull_k_factor" : 2,
	"weibull_wind_speed" : 7.25,
	"wind_resource_shear" : 0.14000000000000001,
	"wind_turbine_rotor_diameter" : 77,
	"wind_turbine_powercurve_windspeeds" : [ 0, 0.25, 0.5, 0.75, 1, 1.25, 1.5, 1.75, 2, 2.25, 2.5, 2.75, 3, 3.25, 3.5, 3.75, 4, 4.25, 4.5, 4.75, 5, 5.25, 5.5, 5.75, 6, 6.25, 6.5, 6.75, 7, 7.25, 7.5, 7.75, 8, 8.25, 8.5, 8.75, 9, 9.25, 9.5, 9.75, 10, 10.25, 10.5, 10.75, 11, 11.25, 11.5, 11.75, 12, 12.25, 12.5, 12.75, 13, 13.25, 13.5, 13.75, 14, 14.25, 14.5, 14.75, 15, 15.25, 15.5, 15.75, 16, 16.25, 16.5, 16.75, 17, 17.25, 17.5, 17.75, 18, 18.25, 18.5, 18.75, 19, 19.25, 19.5, 19.75, 20, 20.25, 20.5, 20.75, 21, 21.25, 21.5, 21.75, 22, 22.25, 22.5, 22.75, 23, 23.25, 23.5, 23.75, 24, 24.25, 24.5, 24.75, 25, 25.25, 25.5, 25.75, 26, 26.25, 26.5, 26.75, 27, 27.25, 27.5, 27.75, 28, 28.25, 28.5, 28.75, 29, 29.25, 29.5, 29.75, 30, 30.25, 30.5, 30.75, 31, 31.25, 31.5, 31.75, 32, 32.25, 32.5, 32.75, 33, 33.25, 33.5, 33.75, 34, 34.25, 34.5, 34.75, 35, 35.25, 35.5, 35.75, 36, 36.25, 36.5, 36.75, 37, 37.25, 37.5, 37.75, 38, 38.25, 38.5, 38.75, 39, 39.25, 39.5, 39.75, 40 ],
	"wind_turbine_powercurve_powerout" : [ 0, 0, 0, 0, 0, 0, 0, 0, 0, 0, 0, 0, 0, 0, 21.32, 33.509999999999998, 45.689999999999998, 65.209999999999994, 79.829999999999998, 104.25, 128.66, 157.97, 187.27000000000001, 216.58000000000001, 250.78, 292.31999999999999, 333.85000000000002, 375.39999999999998, 426.72000000000003, 475.60000000000002, 534.26999999999998, 597.80999999999995, 656.49000000000001, 724.94000000000005, 798.28999999999996, 871.63, 940.08000000000004, 1010, 1060, 1130, 1190, 1240, 1290, 1330, 1370, 1390, 1410, 1430, 1440, 1460, 1470, 1475, 1480, 1485, 1490, 1495, 1500, 1500, 1500, 1500, 1500, 1500, 1500, 1500, 1500, 1500, 1500, 1500, 1500, 1500, 1500, 1500, 1500, 1500, 1500, 1500, 1500, 1500, 1500, 1500, 1500, 1500, 1500, 1500, 1500, 1500, 1500, 1500, 1500, 1500, 1500, 1500, 1500, 1500, 1500, 1500, 1500, 1500, 1500, 1500, 1500, 0, 0, 0, 0, 0, 0, 0, 0, 0, 0, 0, 0, 0, 0, 0, 0, 0, 0, 0, 0, 0, 0, 0, 0, 0, 0, 0, 0, 0, 0, 0, 0, 0, 0, 0, 0, 0, 0, 0, 0, 0, 0, 0, 0, 0, 0, 0, 0, 0, 0, 0, 0, 0, 0, 0, 0, 0, 0, 0, 0 ],
	"wind_turbine_hub_ht" : 80,
	"wind_turbine_max_cp" : 0.45000000000000001,
	"wind_farm_wake_model" : 0,
	"wind_resource_turbulence_coeff" : 0.10000000000000001,
	"system_capacity" : 3000,
	"wind_farm_xCoordinates" : [ 0, 616 ],
	"wind_farm_yCoordinates" : [ 0, 0 ],
	"wake_int_loss" : 0,
	"wake_ext_loss" : 1.1000000000000001,
	"wake_future_loss" : 0,
	"avail_bop_loss" : 0.5,
	"avail_grid_loss" : 1.5,
	"avail_turb_loss" : 3.5800000000000001,
	"elec_eff_loss" : 1.9099999999999999,
	"elec_parasitic_loss" : 0.10000000000000001,
	"env_degrad_loss" : 1.8,
	"env_exposure_loss" : 0,
	"env_env_loss" : 0.40000000000000002,
	"env_icing_loss" : 0.20999999999999999,
	"ops_env_loss" : 1,
	"ops_grid_loss" : 0.83999999999999997,
	"ops_load_loss" : 0.98999999999999999,
	"ops_strategies_loss" : 0,
	"turb_generic_loss" : 1.7,
	"turb_hysteresis_loss" : 0.40000000000000002,
	"turb_perf_loss" : 1.1000000000000001,
	"turb_specific_loss" : 0.81000000000000005,
	"constant" : 0,
	"total_uncert" : 12.085000000000001
}
